﻿<?xml version="1.0" encoding="utf-8"?>
<KNX xmlns:xsi="http://www.w3.org/2001/XMLSchema-instance" xmlns:xsd="http://www.w3.org/2001/XMLSchema" CreatedBy="ETS6" ToolVersion="6.3.7959.0" xmlns="http://knx.org/xml/project/23">
  <ManufacturerData>
    <Manufacturer RefId="M-0064">
      <Baggages>
        <Baggage TargetPath="5800" Name="Master_1_Slave.png" Id="M-0064_BG-5800-Master.5F1.5FSlave.2Epng">
          <FileInfo TimeInfo="2019-12-05T06:44:29" />
        </Baggage>
        <Baggage TargetPath="5800" Name="Master_2_Slaves.png" Id="M-0064_BG-5800-Master.5F2.5FSlaves.2Epng">
          <FileInfo TimeInfo="2019-12-05T06:44:29" />
        </Baggage>
        <Baggage TargetPath="5800" Name="Master.png" Id="M-0064_BG-5800-Master.2Epng">
          <FileInfo TimeInfo="2019-12-03T14:29:46" />
        </Baggage>
        <Baggage TargetPath="5800" Name="icons_5800.zip" Id="M-0064_BG-5800-icons.5F5800.2Ezip">
          <FileInfo TimeInfo="2020-02-05T07:24:52.2094873Z" />
        </Baggage>
        <Baggage TargetPath="3300" Name="0_M.png" Id="M-0064_BG-3300-0.5FM.2Epng">
          <FileInfo TimeInfo="2020-02-26T06:00:00" />
        </Baggage>
        <Baggage TargetPath="3300" Name="1_MD.png" Id="M-0064_BG-3300-1.5FMD.2Epng">
          <FileInfo TimeInfo="2020-02-26T06:00:00" />
        </Baggage>
        <Baggage TargetPath="3300" Name="2_MS.png" Id="M-0064_BG-3300-2.5FMS.2Epng">
          <FileInfo TimeInfo="2020-02-26T06:00:00" />
        </Baggage>
        <Baggage TargetPath="3300" Name="3_MDD.png" Id="M-0064_BG-3300-3.5FMDD.2Epng">
          <FileInfo TimeInfo="2020-02-26T06:00:00" />
        </Baggage>
        <Baggage TargetPath="3300" Name="4_MSS.png" Id="M-0064_BG-3300-4.5FMSS.2Epng">
          <FileInfo TimeInfo="2020-02-26T06:00:00" />
        </Baggage>
        <Baggage TargetPath="3300" Name="5_MDS.png" Id="M-0064_BG-3300-5.5FMDS.2Epng">
          <FileInfo TimeInfo="2020-02-26T06:00:00" />
        </Baggage>
        <Baggage TargetPath="3300" Name="6_MSD.png" Id="M-0064_BG-3300-6.5FMSD.2Epng">
          <FileInfo TimeInfo="2020-02-26T06:00:00" />
        </Baggage>
        <Baggage TargetPath="3300" Name="DC_INC.png" Id="M-0064_BG-3300-DC.5FINC.2Epng">
          <FileInfo TimeInfo="2020-06-04T17:06:45.6953591Z" />
        </Baggage>
        <Baggage TargetPath="3300" Name="DC_HAL.png" Id="M-0064_BG-3300-DC.5FHAL.2Epng">
          <FileInfo TimeInfo="2020-06-04T17:06:45.6734199Z" />
        </Baggage>
        <Baggage TargetPath="3300" Name="DC_LED.png" Id="M-0064_BG-3300-DC.5FLED.2Epng">
          <FileInfo TimeInfo="2020-07-13T09:23:07.3376357Z" />
        </Baggage>
        <Baggage TargetPath="3300" Name="DC_UD_1.png" Id="M-0064_BG-3300-DC.5FUD.5F1.2Epng">
          <FileInfo TimeInfo="2020-07-13T09:23:07.3376357Z" />
        </Baggage>
        <Baggage TargetPath="3300" Name="DC_UD_2.png" Id="M-0064_BG-3300-DC.5FUD.5F2.2Epng">
          <FileInfo TimeInfo="2020-07-13T09:23:07.3376357Z" />
        </Baggage>
        <Baggage TargetPath="3300" Name="DC_UD_3.png" Id="M-0064_BG-3300-DC.5FUD.5F3.2Epng">
          <FileInfo TimeInfo="2020-07-13T09:23:07.3376357Z" />
        </Baggage>
        <Baggage TargetPath="3300" Name="icons_3300.zip" Id="M-0064_BG-3300-icons.5F3300.2Ezip">
          <FileInfo TimeInfo="2020-02-03T13:52:11.9370387Z" />
        </Baggage>
        <Baggage TargetPath="" Name="FastDownload.dll" Id="M-0064_BG--FastDownload.2Edll" FileIntegrity="F8C76C66">
          <FileInfo Version="1.0.8.0" TimeInfo="2005-02-25T07:08:26Z" />
        </Baggage>
      </Baggages>
    </Manufacturer>
  </ManufacturerData>
</KNX>