﻿<?xml version="1.0" encoding="utf-8"?>
<KNX xmlns:xsi="http://www.w3.org/2001/XMLSchema-instance" xmlns:xsd="http://www.w3.org/2001/XMLSchema" CreatedBy="ETS6" ToolVersion="6.3.7959.0" xmlns="http://knx.org/xml/project/23">
  <ManufacturerData>
    <Manufacturer RefId="M-0064">
      <Catalog>
        <CatalogSection Id="M-0064_CS-1.2C1" Name="1.1 System Devices" Number="1,1" DefaultLanguage="en-US">
          <CatalogSection Id="M-0064_CS-1.2C1-1.2C1.2C01" Name="1.1.01 Power supply" Number="1,1,01" DefaultLanguage="en-US">
            <CatalogItem Id="M-0064_H-MTN6513.2D1203-1-O000A_HP_CI-MTN6513.2D1203-1" Name="SpaceLogic KNX Power Supply 320 mA" Number="1" VisibleDescription="MTN6513-1203" ProductRefId="M-0064_H-MTN6513.2D1203-1-O000A_P-MTN6513.2D1203" Hardware2ProgramRefId="M-0064_H-MTN6513.2D1203-1-O000A_HP" DefaultLanguage="en-US" />
          </CatalogSection>
        </CatalogSection>
        <CatalogSection Id="M-0064_CS-4.2E42" Name="4.4.2 Switch Actuator, 8-gang" Number="4.42" VisibleDescription="" DefaultLanguage="en-US">
          <CatalogSection Id="M-0064_CS-4.2E42-4.2E42.2E02" Name="4.4.2.02 DIN rail mounted REG-K" Number="4.42.02" VisibleDescription="" DefaultLanguage="en-US">
            <CatalogItem Id="M-0064_H-SpaceLogic.20KNX.20Switch-1_HP-5800-10-B6D0_CI-MTN6705.2D0008-2" Name="SpaceLogic KNX Switch Master" Number="2" ProductRefId="M-0064_H-SpaceLogic.20KNX.20Switch-1_P-MTN6705.2D0008" Hardware2ProgramRefId="M-0064_H-SpaceLogic.20KNX.20Switch-1_HP-5800-10-B6D0" DefaultLanguage="en-US" />
          </CatalogSection>
        </CatalogSection>
        <CatalogSection Id="M-0064_CS-4.2E6" Name="4.6 Dimming Actuator" Number="4.6" VisibleDescription="" DefaultLanguage="en-US">
          <CatalogSection Id="M-0064_CS-4.2E6-4.2E6.2E01" Name="4.6.01 DIN rail mounted REG-K" Number="4.6.01" VisibleDescription="" DefaultLanguage="en-US">
            <CatalogItem Id="M-0064_H-SpaceLogic.20KNX.20Dimmer-1_HP-3300-10-B242_CI-MTN6710.2D0102-5" Name="SpaceLogic KNX Universal Dimming Master" Number="5" ProductRefId="M-0064_H-SpaceLogic.20KNX.20Dimmer-1_P-MTN6710.2D0102" Hardware2ProgramRefId="M-0064_H-SpaceLogic.20KNX.20Dimmer-1_HP-3300-10-B242" DefaultLanguage="en-US" />
          </CatalogSection>
        </CatalogSection>
        <CatalogSection Id="M-0064_CS-2.2E2" Name="2.2 Push Button, 2-gang" Number="2.2" VisibleDescription="" DefaultLanguage="en-US">
          <CatalogSection Id="M-0064_CS-2.2E2-2.2E2.2E2" Name="2.2.2 System M" Number="2.2.2" VisibleDescription="" DefaultLanguage="en-US">
            <CatalogItem Id="M-0064_H-MTN6279xx-1-O000C_HP-1815-11-A6B3-O000C_CI-MTN6172xx-1" Name="Push-button 2-gang plus" Number="1" VisibleDescription="MTN6172xx" ProductRefId="M-0064_H-MTN6279xx-1-O000C_P-MTN6172xx" Hardware2ProgramRefId="M-0064_H-MTN6279xx-1-O000C_HP-1815-11-A6B3-O000C" DefaultLanguage="en-US" />
          </CatalogSection>
        </CatalogSection>
        <CatalogSection Id="M-0064_CS-2.2E3" Name="2.3 Push Button, 4-gang" Number="2.3" VisibleDescription="" DefaultLanguage="en-US">
          <CatalogSection Id="M-0064_CS-2.2E3-2.2E3.2E2" Name="2.3.2 System M" Number="2.3.2" VisibleDescription="" DefaultLanguage="en-US">
            <CatalogItem Id="M-0064_H-MTN6279xx-1-O000C_HP-1815-11-A6B3-O000C_CI-MTN6174xx-1" Name="Push-button 4-gang plus" Number="1" VisibleDescription="MTN6174xx" ProductRefId="M-0064_H-MTN6279xx-1-O000C_P-MTN6174xx" Hardware2ProgramRefId="M-0064_H-MTN6279xx-1-O000C_HP-1815-11-A6B3-O000C" DefaultLanguage="en-US" />
          </CatalogSection>
        </CatalogSection>
        <CatalogSection Id="M-0064_CS-3.2E1" Name="3.1 Movement Detector ARGUS" Number="3.1" VisibleDescription="" DefaultLanguage="en-US">
          <CatalogSection Id="M-0064_CS-3.2E1-3.2E1.2E14" Name="3.1.14 ARGUS Presence" Number="3.1.14" VisibleDescription="" DefaultLanguage="en-US">
            <CatalogItem Id="M-0064_H-6306xx-1-O000C_HP-1336-10-DED5-O000C_CI-MTN6304xx-1" Name="KNX ARGUS Presence 180/2,20M UP SYSTEM" Number="1" VisibleDescription="MTN6304xx" ProductRefId="M-0064_H-6306xx-1-O000C_P-MTN6304xx" Hardware2ProgramRefId="M-0064_H-6306xx-1-O000C_HP-1336-10-DED5-O000C" DefaultLanguage="en-US" />
          </CatalogSection>
        </CatalogSection>
      </Catalog>
    </Manufacturer>
  </ManufacturerData>
</KNX>