﻿<?xml version="1.0" encoding="utf-8"?>
<KNX xmlns:xsi="http://www.w3.org/2001/XMLSchema-instance" xmlns:xsd="http://www.w3.org/2001/XMLSchema" CreatedBy="ETS6" ToolVersion="6.3.7959.0" xmlns="http://knx.org/xml/project/23">
  <ManufacturerData>
    <Manufacturer RefId="M-0064">
      <Hardware>
        <Hardware Id="M-0064_H-MTN6513.2D1203-1-O000A" Name="KNX power supply 320 mA" SerialNumber="MTN6513-1203" VersionNumber="1" BusCurrent="320" HasIndividualAddress="false" HasApplicationProgram="false" IsPowerSupply="true" OriginalManufacturer="M-000A">
          <Products>
            <Product Id="M-0064_H-MTN6513.2D1203-1-O000A_P-MTN6513.2D1203" Text="SpaceLogic KNX Power Supply 320 mA" OrderNumber="MTN6513-1203" IsRailMounted="true" WidthInMillimeter="72" DefaultLanguage="en-US" Hash="02FKoTy6123hv6C3dCVaQYbi1IM=">
              <RegistrationInfo RegistrationStatus="Registered" RegistrationNumber="2020/16808" RegistrationDate="2020-07-10" RegistrationSignature="nOAjvTb0SKfAtNvakZCX33CT0ntTmnBTjkd/hBFvRvHXsK2LpVIEIctSy2r6/gbHGbsesDsCNskWt9p7nm19oR+mYimcaksdZg31bmuh+k0mAVJA1bXT8Kig+Qk3Gj8BnI+6ki+Rw/8z4eRXgdcVwylhQJogYrez+8AklLK1UE0=" />
            </Product>
          </Products>
          <Hardware2Programs>
            <Hardware2Program Id="M-0064_H-MTN6513.2D1203-1-O000A_HP" MediumTypes="MT-0" Hash="InnwCpiXJGRTr8BXABvFq2msPz4=">
              <RegistrationInfo RegistrationStatus="Registered" RegistrationNumber="2020/16808" RegistrationDate="2020-07-10" RegistrationSignature="JBMWFyC/6vBeTqNPYYPsc33EGBBkgUTcVfaYC69EkoIX+zeJ3z3+Mw3veMqvNl0gOuYTByyZb5arLBXq1nCMSG0b8oWWY4UQLr5+bF3hY+3Bwff772/xI/1G4yxkrCuep/5pvezK6vGyrBr7iZA/n0z9apua5/mYtXaXzf8mZJE=" />
            </Hardware2Program>
          </Hardware2Programs>
        </Hardware>
        <Hardware Id="M-0064_H-MTN6513.2D1202-1-O000A" Name="KNX power supply 640 mA" SerialNumber="MTN6513-1202" VersionNumber="1" BusCurrent="640" HasIndividualAddress="false" HasApplicationProgram="false" IsPowerSupply="true" OriginalManufacturer="M-000A">
          <Products>
            <Product Id="M-0064_H-MTN6513.2D1202-1-O000A_P-MTN6513.2D1202" Text="SpaceLogic KNX Power Supply 640 mA" OrderNumber="MTN6513-1202" IsRailMounted="true" WidthInMillimeter="72" DefaultLanguage="en-US" Hash="zwB2GvVHo3pM3ogB3Wsu6rHQhGE=">
              <RegistrationInfo RegistrationStatus="Registered" RegistrationNumber="2020/16809" RegistrationDate="2020-07-10" RegistrationSignature="NbZ4f5HuXqXCdg/ufAa8qchfHhDGzMDwpBXyeMn6U5WJampBRLAoBAFa512xlRQXZl+W7a6x9qSJ59KyptLahtsQ8mEE0xpA+Aw6pOedbNgQhIS36S1q8RoCgTzZd4AD6VXS4nLDrUj/AV/LbX8KCImKg3jcWU35orTR1nzeR5U=" />
            </Product>
          </Products>
          <Hardware2Programs>
            <Hardware2Program Id="M-0064_H-MTN6513.2D1202-1-O000A_HP" MediumTypes="MT-0" Hash="K3zYLEagShNykh4xMS1kugwe8Js=">
              <RegistrationInfo RegistrationStatus="Registered" RegistrationNumber="2020/16809" RegistrationDate="2020-07-10" RegistrationSignature="CjEIP/0ikEgNHjdYLTWdmX8+9a3pQzRuIJ4QSMBN1detNgFaaiv0VYXXGEL2aCTWGuS/heK73n/I9+kB7vxtxxz1rUcJRP/23xpn7dTix/vBWvzGbBaecaQI0sv8ERYizwtsRA2yuuQ0JETYaZsRBm3YiV2cz7XPUM1yof8+sSM=" />
            </Hardware2Program>
          </Hardware2Programs>
        </Hardware>
        <Hardware Id="M-0064_H-MTN6513.2D1201-1-O000A" Name="KNX power supply 1280 mA" SerialNumber="MTN6513-1201" VersionNumber="1" BusCurrent="1280" HasIndividualAddress="false" HasApplicationProgram="false" IsPowerSupply="true" OriginalManufacturer="M-000A">
          <Products>
            <Product Id="M-0064_H-MTN6513.2D1201-1-O000A_P-MTN6513.2D1201" Text="SpaceLogic KNX Power Supply 1280 mA" OrderNumber="MTN6513-1201" IsRailMounted="true" WidthInMillimeter="108" DefaultLanguage="en-US" Hash="H9YC00fJUMsJR9/KuOew6ueA2lY=">
              <RegistrationInfo RegistrationStatus="Registered" RegistrationNumber="2020/16810" RegistrationDate="2020-07-10" RegistrationSignature="j1z6c+Dw5alpklcA5mNQV4rjgUgW3BWuqAQJILDNPetAKAO2ySrf+d7cTDd0y9GqO1hg+zBqQ1+gkcUE+jwNkhfLuKcF0FSd/NCa4HLvLN5v7TlkqdIlDUvTB4wIm6XsCGJLApvH1jvoEw3eJlOu77dWmGHnCzgjwq1qiTAvz7w=" />
            </Product>
          </Products>
          <Hardware2Programs>
            <Hardware2Program Id="M-0064_H-MTN6513.2D1201-1-O000A_HP" MediumTypes="MT-0" Hash="tbOiBZeRyOmM+Uyl8tY5MGarBUM=">
              <RegistrationInfo RegistrationStatus="Registered" RegistrationNumber="2020/16810" RegistrationDate="2020-07-10" RegistrationSignature="QPv8xgaqaNjQKb7pcqC7bgROEvdscNXSUaZi4NITcKe3+Z2EfAcalRC1/RkSrL2br3fvAAufDphscIoPXk5O1UJKQoXt08dRf/Di2CW8QHOtCagLhmQjoHJXAFu7Ia80925CKUTzE6clgZKSttbYMCmZTXUGgCcTKVQZ5EgHe2Y=" />
            </Hardware2Program>
          </Hardware2Programs>
        </Hardware>
        <Hardware Id="M-0064_H-SpaceLogic.20KNX.20Switch-1" Name="SpaceLogic KNX Switch/Blind Master" SerialNumber="SpaceLogic KNX Switch" VersionNumber="1" BusCurrent="12.5" HasIndividualAddress="true" HasApplicationProgram="true" InternalDescription="Internal Description (HW)">
          <Products>
            <Product Id="M-0064_H-SpaceLogic.20KNX.20Switch-1_P-MTN6705.2D0008" Text="SpaceLogic KNX Switch/Blind Master" OrderNumber="MTN6705-0008" IsRailMounted="true" WidthInMillimeter="72" VisibleDescription="MTN6705-0008" DefaultLanguage="en-US" Hash="0CcFUQDJG90V6oH9/JeulkqqhVU=" InternalDescription="Internal Description (HW-Products)">
              <Attributes>
                <Attribute Id="M-0064_H-SpaceLogic.20KNX.20Switch-1_P-MTN6705.2D0008_AT-CatalogName" Name="CatalogName" Value="Switch Blind Roller shutter actuator" />
                <Attribute Id="M-0064_H-SpaceLogic.20KNX.20Switch-1_P-MTN6705.2D0008_AT-Series" Name="Series" Value="" />
                <Attribute Id="M-0064_H-SpaceLogic.20KNX.20Switch-1_P-MTN6705.2D0008_AT-Colour" Name="Colour" Value="white" />
              </Attributes>
              <RegistrationInfo RegistrationStatus="Registered" RegistrationDate="2020-05-06" RegistrationSignature="mp+FdQxM7SzCqhMjpmeHAqmy4UoIHFYa2j5uogjCL2VvatRkOEed4vLAJtGyxgn0sW+c/6z2M6qXEeVGfuCH651tJxiTbx1NiQ88OYIzHoFpvJbBwbogc7KDKJuPKylrW46DrfAoMO6b5xs2ogl5rfvuTBWhR5NvL1r4aRt1X3k=" />
            </Product>
          </Products>
          <Hardware2Programs>
            <Hardware2Program Id="M-0064_H-SpaceLogic.20KNX.20Switch-1_HP-5800-10-B6D0" MediumTypes="MT-0" Hash="QUg36fFHMzBx4VHJoAC5NPsBjDM=">
              <ApplicationProgramRef RefId="M-0064_A-5800-10-B6D0" />
              <RegistrationInfo RegistrationStatus="Registered" RegistrationNumber="2020/16591" RegistrationDate="2020-05-06" RegistrationSignature="pe3+2li1Cctaaf5VqLzqt+TSSR9oudwHVLYyAgtQSr7D4pOqgxSJzaxN0IHxc7kmKretHT0H8eYr/CDVLGrsYqvXkaa6GGhENfZCsbcEV3qnMLNpixWM/AbGCU+jMBES/zINrdiJWHAdBKMTwHCxtmLyX7zxRXgZIeFmM5ZDuu4=" />
            </Hardware2Program>
          </Hardware2Programs>
        </Hardware>
        <Hardware Id="M-0064_H-SpaceLogic.20KNX.20Dimmer-1" Name="Dimming Master" SerialNumber="SpaceLogic KNX Dimmer" VersionNumber="1" BusCurrent="12.5" HasIndividualAddress="true" HasApplicationProgram="true" InternalDescription="Internal Description (HW)">
          <Products>
            <Product Id="M-0064_H-SpaceLogic.20KNX.20Dimmer-1_P-MTN6710.2D0102" Text="SpaceLogic KNX Universal Dimming Master" OrderNumber="MTN6710-0102" IsRailMounted="true" WidthInMillimeter="72" DefaultLanguage="en-US" Hash="IAOgj1BrJgM2ZZayPn/ALv+nQD8=" InternalDescription="Internal Description (HW-Products)">
              <Attributes>
                <Attribute Id="M-0064_H-SpaceLogic.20KNX.20Dimmer-1_P-MTN6710.2D0102_AT-CatalogName" Name="CatalogName" Value="Dimmer Switch Blind Roller shutter actuator" />
                <Attribute Id="M-0064_H-SpaceLogic.20KNX.20Dimmer-1_P-MTN6710.2D0102_AT-Series" Name="Series" Value="" />
                <Attribute Id="M-0064_H-SpaceLogic.20KNX.20Dimmer-1_P-MTN6710.2D0102_AT-Colour" Name="Colour" Value="white" />
              </Attributes>
              <RegistrationInfo RegistrationStatus="Registered" RegistrationDate="2020-10-01" RegistrationSignature="ZKTLT3goF0xRLNNuPkMNZm7Lp5DGzXI+FMRAUnALD2qyVh1GZLxVfxOjTlEN6ZeN6UHzr1MHOdzUlKivKWD0KiUk3CI7ARUoQDiuwMnHEDbpix52+OOInn7UgcL0CyQxYx1kWlRH23Jl1dWIvkChT+cw5db7c4LUAATAW+AtaXQ=" />
            </Product>
          </Products>
          <Hardware2Programs>
            <Hardware2Program Id="M-0064_H-SpaceLogic.20KNX.20Dimmer-1_HP-3300-10-B242" MediumTypes="MT-0" Hash="Ru4u4UadVY2o2BNBJgX1lmMqk3w=">
              <ApplicationProgramRef RefId="M-0064_A-3300-10-B242" />
              <RegistrationInfo RegistrationStatus="Registered" RegistrationNumber="2020/17007" RegistrationDate="2020-10-01" RegistrationSignature="qcGsBhS5Q1lBBFlPiJv/GZBKhXXXJ4J5QLa1pJbIesds8YAQpi0EB4I4ZijXQFG9ZCWuLfxsnSVBVU2ha8STYiAFtl5iLhnG3mwCTnD9CjsRlGGi/M1JaDwsN51IviPnQlLa73Hq40fiXOdv13yTcFs+SJM/iUhxF741BqcxzF0=" />
            </Hardware2Program>
          </Hardware2Programs>
        </Hardware>
        <Hardware Id="M-0064_H-MTN6279xx-1-O000C" Name="System M Taster nfach plus" SerialNumber="MTN6279xx" VersionNumber="1" HasIndividualAddress="true" HasApplicationProgram="true" OriginalManufacturer="M-000C">
          <Products>
            <Product Id="M-0064_H-MTN6279xx-1-O000C_P-MTN6172xx" Text="Push-button 2-gang plus" OrderNumber="MTN6172xx" IsRailMounted="false" DefaultLanguage="en-US" Hash="PFl2oM/nNhmlmbztvXRjjebUdNY=">
              <RegistrationInfo RegistrationStatus="Certified" RegistrationSignature="eQgYRuoNxlwxNwWtCrtUWEGe0U9Q/GLj/2ZqZ3bWv7U/nzQNWepzicQuAx+YVYu3fQsvvbwsUSnLE9bnWBUKkyczwrqnRATd0I6PDsONKhyJaO1w8Qgy46eN+bwdJ00bntOzXQj1lU2oYjz4KBm41mzVeRJsRRtN9h6iisSQRsc=" />
            </Product>
            <Product Id="M-0064_H-MTN6279xx-1-O000C_P-MTN6174xx" Text="Push-button 4-gang plus" OrderNumber="MTN6174xx" IsRailMounted="false" DefaultLanguage="en-US" Hash="jEgJ2OFczUPo32GkTQm4tuKoigE=">
              <RegistrationInfo RegistrationStatus="Certified" RegistrationSignature="Ed3OYSzCGjEuvriCFrnydKihdy0ki29/VcqIdM8fn9vde9OhJkBbiVJbxcrXvuHb2BuQb79nMlHMS5ooljRh2U7kuHbTb2m1vp9+KZZMb0YooPEkZMrpKfvcRjYYyGzBohX5AaLdiJGnCQmklWyw4pKqSYjYQrKQJG8ZgbLpWX8=" />
            </Product>
          </Products>
          <Hardware2Programs>
            <Hardware2Program Id="M-0064_H-MTN6279xx-1-O000C_HP-1815-11-A6B3-O000C" MediumTypes="MT-0" Hash="kHqB8LHPz6+YLc4IUHzFZbk5DUg=">
              <ApplicationProgramRef RefId="M-0064_A-1815-11-A6B3-O000C" />
              <RegistrationInfo RegistrationStatus="Certified" RegistrationNumber="2008/8221" OriginalRegistrationNumber="2006/7439" RegistrationSignature="J+jWMK6DKjOcvZO24FkNcwnIGKPzHAYcY1ba7DmWA71/O1WVzkH6TyXIxXN6AM10wS115uLuaCmwbsposw0NVErnkuVMzikGhZRlNhM+BybO5L6NN55PWvnrQ3QSn5oaTg/d+NJwP6Ur5saFxItIWNMDqxCsqjwCBe1JmIFM50c=" />
            </Hardware2Program>
          </Hardware2Programs>
        </Hardware>
        <Hardware Id="M-0064_H-6306xx-1-O000C" Name="KNX ARGUS Präsenz 180/2,20M UP " SerialNumber="6306xx" VersionNumber="1" BusCurrent="5" HasIndividualAddress="true" HasApplicationProgram="true" OriginalManufacturer="M-000C">
          <Products>
            <Product Id="M-0064_H-6306xx-1-O000C_P-MTN6304xx" Text="KNX ARGUS Presence 180/2,20M UP" OrderNumber="MTN6304xx" IsRailMounted="false" DefaultLanguage="en-US" Hash="Am3z2TAG7Iu9VmkacHN6nffh7K8=">
              <RegistrationInfo RegistrationStatus="Certified" RegistrationSignature="oyX8TjaPC3ooe/ICjZwhWtdBeAowxRwaxpHHkL+15LsjbyihSYPOoxJcpMmLJZGGv50+Yr5RvUNaUmfkrmkJX2/oZwDtdU7J8Gtlza+PHsZP2zFQoPNhxvIPV0GY/vLmebaw3xRgcnAFkFFAPbwfFledO2ai6GY2XBTvnGpWHGo=" />
            </Product>
          </Products>
          <Hardware2Programs>
            <Hardware2Program Id="M-0064_H-6306xx-1-O000C_HP-1336-10-DED5-O000C" MediumTypes="MT-0" Hash="ju5kggIIQGRdn91P0CBlYLKn5B0=">
              <ApplicationProgramRef RefId="M-0064_A-1336-10-DED5-O000C" />
              <RegistrationInfo RegistrationStatus="Certified" RegistrationNumber="2008/8276" OriginalRegistrationNumber="2008/8259" RegistrationSignature="usUpMu4R3EJhKdxVQPz0UZB+hzJfJzzl8UTfgpGwVOXfxlvByW1afRCKMMdg1MP9butSeJeTVj7iKBKCO8fcRGrHclVFkXZj3M/GgdhZ3cPR514p5crsp63kHH+xLjWcQCLILjglxMJ/xZ5k/6yTr49mVH1jNZldLHIjbYHKU+Y=" />
            </Hardware2Program>
          </Hardware2Programs>
        </Hardware>
      </Hardware>
    </Manufacturer>
  </ManufacturerData>
</KNX>