﻿<?xml version="1.0" encoding="utf-8"?>
<KNX xmlns:xsi="http://www.w3.org/2001/XMLSchema-instance" xmlns:xsd="http://www.w3.org/2001/XMLSchema" CreatedBy="ETS6" ToolVersion="6.3.7959.0" xmlns="http://knx.org/xml/project/23">
  <ManufacturerData>
    <Manufacturer RefId="M-017D">
      <Catalog>
        <CatalogSection Id="M-017D_CS-1" Name="Touch panels" Number="1" DefaultLanguage="en-US">
          <CatalogItem Id="M-017D_H-1-1_HP-1000-13-D18D_CI-DW.2DVERSO-1" Name="Iddero Verso" Number="1" VisibleDescription="Room controller with 4,3&quot; capacitive touch display" ProductRefId="M-017D_H-1-1_P-DW.2DVERSO" Hardware2ProgramRefId="M-017D_H-1-1_HP-1000-13-D18D" DefaultLanguage="en-US" />
        </CatalogSection>
      </Catalog>
    </Manufacturer>
  </ManufacturerData>
</KNX>