﻿<?xml version="1.0" encoding="utf-8"?>
<KNX xmlns:xsi="http://www.w3.org/2001/XMLSchema-instance" xmlns:xsd="http://www.w3.org/2001/XMLSchema" CreatedBy="ETS6" ToolVersion="6.3.7959.0" xmlns="http://knx.org/xml/project/23">
  <ManufacturerData>
    <Manufacturer RefId="M-017D">
      <Hardware>
        <Hardware Id="M-017D_H-1-1" Name="Iddero Verso" SerialNumber="1" VersionNumber="1" BusCurrent="7" HasIndividualAddress="true" HasApplicationProgram="true">
          <Products>
            <Product Id="M-017D_H-1-1_P-DW.2DVERSO" Text="Iddero Verso" OrderNumber="DW-VERSO" IsRailMounted="false" VisibleDescription="Room controller with 4,3&quot; capacitive touch display" DefaultLanguage="en-US" Hash="3aRjA6bJB7kCGhbhWUkXEd8Z2xc=">
              <RegistrationInfo RegistrationStatus="Certified" RegistrationDate="2017-02-22" RegistrationSignature="h/Ut/oTTjLiouvGnVubNk1kwDaUq+A6sgfKmpgJSgXzmxH46y91j2R25gtgabTsvQgzR8RVOZQxIIUe1j6eLiwJaQHfCIVPW8M+xvulJ+zumqKvTTQukrQA9bdQ1FSdTxhGP0zgPLwLIV04FTqL0smItUlD57imhawKUYHGDxNE=" />
            </Product>
          </Products>
          <Hardware2Programs>
            <Hardware2Program Id="M-017D_H-1-1_HP-1000-13-D18D" MediumTypes="MT-0" Hash="PaI1XMOYE47j4/Wwi+FIFYXmqA0=">
              <ApplicationProgramRef RefId="M-017D_A-1000-13-D18D" />
              <RegistrationInfo RegistrationStatus="Certified" RegistrationNumber="2022/18238" RegistrationDate="2022-01-27" RegistrationSignature="C2GDek9pM16sD6leILa9UavX7hjyqePyMqjb0nLeep8zPRD4p+rTbRF2308wVhVaW8ngolXme1wSmCtKap00Iwsr9nlWJyNF4bTA9KdeRqk+nK6eg+t5mi0VSDfX7F4Rc1YWJqYXJjaFhcnjleciGmH5Ns1rsKFbhhETXwu5pdE=" />
            </Hardware2Program>
          </Hardware2Programs>
        </Hardware>
      </Hardware>
    </Manufacturer>
  </ManufacturerData>
</KNX>